app_id,title,release_date,release_year,game_age_years,age_bucket,genres_clean,main_genre,categories_clean,developer,publisher,original_price_clean,discount_pct_clean,discounted_price_clean,final_price,is_free_to_play,is_on_sale,dlc_available,has_dlc,age_rating,age_rating_category,win_support,mac_support,linux_support,multi_platform,awards,is_early_access,overall_review,overall_review_pct,overall_review_count,log_overall_review_count,recent_review,recent_review_pct,recent_review_count,log_recent_review_count
2560870,The Specter's Desire,2024-05-24,2024.0,0.6050650239561944,<1y,indie,indie,"single-player, commentary available, remote play together, family sharing, steam is learning about this game",Themisian,Themisian,,,880.0,880.0,False,False,0,False,0,All Ages,True,True,False,True,0,False,,,,0.0,,,,0.0
2800770,Gnomber,2024-04-28,2024.0,0.676249144421629,<1y,action;indie,action,"single-player, steam achievements, steam cloud, family sharing, steam is learning about this game",LisiSoft,LisiSoft,,,155.0,155.0,False,False,0,False,0,All Ages,True,True,False,True,0,False,Mixed,60.0,10.0,2.3978952727983707,,,,0.0
2700250,Dodo,2024-04-15,2024.0,0.7118412046543463,<1y,strategy,strategy,"single-player, family sharing, steam is learning about this game",ThreeByFour Games,ThreeByFour Games,,,155.0,155.0,False,False,0,False,0,All Ages,True,True,False,True,0,False,,,,0.0,,,,0.0
2412200,Cthulhu's Reach: Devil Reef,2024-04-14,2024.0,0.7145790554414785,<1y,action;adventure;indie;early access,action,"single-player, online co-op, steam cloud, family sharing, steam is learning about this game",The Fine Arc,The Fine Arc,,,480.0,480.0,False,False,0,False,0,All Ages,True,False,False,False,0,True,Positive,100.0,16.0,2.833213344056216,,,,0.0
2881360,Bloody Heaven 2 ：Prologue,2024-04-10,2024.0,0.7255304585900069,<1y,action;indie;rpg;free to play,action,"single-player, steam is learning about this game",ShaneGame,ShaneGame,,,0.0,0.0,True,False,0,False,0,All Ages,True,False,False,False,0,False,Mostly Positive,70.0,10.0,2.3978952727983707,,,,0.0
2826120,Lost Lands: Stories of the First Brotherhood Collector's Edition,2024-03-28,2024.0,0.7611225188227242,<1y,adventure;casual,adventure,"single-player, steam achievements, steam cloud, family sharing, steam is learning about this game",FIVE-BN GAMES,FIVE-BN GAMES,,,480.0,480.0,False,False,0,False,0,All Ages,True,False,False,False,0,False,,,,0.0,,,,0.0
1775490,Slice & Dice,2024-03-20,2024.0,0.783025325119781,<1y,casual;indie;rpg;strategy,casual,"single-player, steam cloud, includes level editor, family sharing",Tann,Tann,,,450.0,450.0,False,False,0,False,0,All Ages,True,True,True,True,0,False,Overwhelmingly Positive,97.0,1140.0,7.039660349862076,Overwhelmingly Positive,96.0,198.0,5.293304824724492
2708450,Oh Deer,2024-03-15,2024.0,0.7967145790554415,<1y,action;casual;indie;early access,action,"online pvp, online co-op, steam achievements, steam cloud, stats, family sharing",Cozy Cabin Studios,Cozy Cabin Studios,480.0,25.0,360.0,360.0,False,True,0,False,0,All Ages,True,False,False,False,0,True,Very Positive,85.0,610.0,6.415096959171596,Very Positive,86.0,80.0,4.394449154672439
2007770,Corrupted: Dawn of Havoc,2024-03-11,2024.0,0.8076659822039699,<1y,indie;rpg;simulation;strategy;early access,indie,"single-player, family sharing, profile features limited",36Litters,36Litters,,,690.0,690.0,False,False,0,False,0,All Ages,True,False,False,False,1,True,Mostly Positive,75.0,60.0,4.110873864173311,,,,0.0
2541210,Eldgear,2024-03-07,2024.0,0.8186173853524983,<1y,rpg;simulation;strategy,rpg,"single-player, steam achievements, steam cloud, family sharing","MCF Co.,Ltd.",KEMCO,,,880.0,880.0,False,False,4,True,0,All Ages,True,False,False,False,0,False,,,,0.0,,,,0.0
2690610,XELAN FORCE,2024-02-13,2024.0,0.8815879534565366,<1y,action;indie,action,"single-player, family sharing, profile features limited","PIXEL CO., LTD","PIXEL CO., LTD",,,450.0,450.0,False,False,0,False,0,All Ages,True,False,False,False,0,False,Positive,91.0,12.0,2.5649493574615367,,,,0.0
553850,HELLDIVERS™ 2,2024-02-08,2024.0,0.8952772073921971,<1y,action,action,"online co-op, steam achievements, in-app purchases, family sharing",Arrowhead Game Studios,PlayStation PC LLC,,,2499.0,2499.0,False,False,0,False,1,7+,True,False,False,False,1,False,Mostly Positive,73.0,638846.0,13.367420268070427,Mixed,66.0,328633.0,12.702699948496273
2580210,SCP: Rulebreaker,2024-01-29,2024.0,0.922655715263518,<1y,adventure;indie;early access,adventure,"single-player, steam achievements, profile features limited",Pixeleur,Pixeleur,,,0.0,0.0,True,False,0,False,0,All Ages,True,False,False,False,0,True,Mixed,50.0,52.0,3.970291913552122,,,,0.0
2739620,Sleeping With Sakuya Izayoi,2024-01-12,2024.0,0.969199178644764,<1y,casual,casual,"single-player, profile features limited",Sigyaad Team,Sigyaad Team,,,0.0,0.0,True,False,1,True,0,All Ages,True,False,False,False,0,False,Very Positive,95.0,175.0,5.170483995038151,Very Positive,92.0,28.0,3.367295829986474
2278480,BUZZ,2024-01-11,2024.0,0.971937029431896,<1y,action;indie,action,"single-player, family sharing, profile features limited",LAUNDRY GAMES,LAUNDRY GAMES,,,250.0,250.0,False,False,0,False,0,All Ages,True,False,False,False,0,False,Positive,100.0,17.0,2.8903717578961645,,,,0.0
2657840,Project Coreward,2024-01-10,2024.0,0.974674880219028,<1y,adventure;casual;indie;rpg,adventure,"single-player, tracked controller support, vr only, family sharing, profile features limited",ExoElement Games,ExoElement Games,,,450.0,450.0,False,False,0,False,0,All Ages,True,False,False,False,0,False,,,,0.0,,,,0.0
2719650,Project XSTING,2024-01-05,2024.0,0.9883641341546886,<1y,action;casual;indie;early access,action,"single-player, steam achievements, steam cloud, family sharing, profile features limited",Saucy Melon,Saucy Melon,,,400.0,400.0,False,False,0,False,0,All Ages,True,False,False,False,0,True,Positive,100.0,14.0,2.70805020110221,,,,0.0
2644670,Data Garden,2023-12-01,2023.0,1.0841889117043122,1-3y,indie,indie,"single-player, family sharing, profile features limited",Shaman Garage,Shaman Garage,,,200.0,200.0,False,False,0,False,0,All Ages,True,True,True,True,0,False,Positive,100.0,17.0,2.8903717578961645,,,,0.0
2305900,GUNFIELD,2023-11-15,2023.0,1.1279945242984255,1-3y,action;indie;early access,action,"single-player, steam achievements, steam cloud, family sharing, profile features limited",Shiv,Shiv,,,200.0,200.0,False,False,0,False,0,All Ages,True,False,False,False,0,True,Positive,97.0,37.0,3.6375861597263857,,,,0.0
1095480,Operation Valor,2023-10-19,2023.0,1.2019164955509924,1-3y,action;casual;indie;strategy,action,"online pvp, family sharing, profile features limited","One Dawn Studios, LLC.","One Dawn Studios, LLC.",,,250.0,250.0,False,False,2,True,0,All Ages,True,False,False,False,0,False,Positive,95.0,42.0,3.7612001156935615,,,,0.0
2490750,The Dungeon Tower,2023-09-11,2023.0,1.3059548254620124,1-3y,action;adventure;casual;indie;rpg,action,"single-player, steam cloud, family sharing, profile features limited",Roberto Trasarti,Roberto Trasarti,250.0,20.0,200.0,200.0,False,True,0,False,0,All Ages,True,True,False,True,0,False,Positive,100.0,10.0,2.3978952727983707,,,,0.0
2140850,Looper Tactics,2023-08-28,2023.0,1.3442847364818618,1-3y,adventure;casual;indie;rpg;strategy,adventure,"single-player, steam achievements, steam trading cards, steam cloud, family sharing",墨香如故,2P Games,,,530.0,530.0,False,False,1,True,0,All Ages,True,True,False,True,0,False,Very Positive,90.0,379.0,5.940171252720432,,,,0.0
2546630,Zombie Survivor: Undead City Attack,2023-08-25,2023.0,1.352498288843258,1-3y,action;adventure;casual;indie;racing;rpg;simulation;sports;strategy,action,"single-player, family sharing, profile features limited",HapGames,HapGames,,,300.0,300.0,False,False,0,False,0,All Ages,True,False,False,False,0,False,Positive,90.0,10.0,2.3978952727983707,,,,0.0
2296550,Axon TD: Uprising - Tower Defense,2023-08-02,2023.0,1.4154688569472964,1-3y,indie;strategy;early access,indie,"single-player, online co-op, steam achievements, steam workshop, steam cloud, steam leaderboards, family sharing",Element Studios,Element Studios,,,799.0,799.0,False,False,0,False,0,All Ages,True,False,False,False,0,True,Very Positive,91.0,228.0,5.43372200355424,Very Positive,100.0,22.0,3.1354942159291497
2500240,Crossroad of Worlds: Cursed Letters Collector's Edition,2023-08-02,2023.0,1.4154688569472964,1-3y,adventure;casual,adventure,"single-player, family sharing, profile features limited",Do Games Limited,Do Games Limited,,,480.0,480.0,False,False,0,False,0,All Ages,True,False,False,False,0,False,,,,0.0,,,,0.0
2451860,Fantastic Dream,2023-07-10,2023.0,1.4784394250513346,1-3y,casual,casual,"single-player, profile features limited",Ercheng,Ercheng,,,0.0,0.0,True,False,0,False,0,All Ages,True,False,False,False,0,False,Positive,100.0,48.0,3.8918202981106265,,,,0.0
2354120,Mortanis Prisoners #1,2023-06-30,2023.0,1.5058179329226558,1-3y,action;adventure;indie;early access,action,"single-player, family sharing, profile features limited",Honor Games,Honor Games,,,880.0,880.0,False,False,0,False,0,All Ages,True,False,False,False,0,True,Mostly Positive,70.0,17.0,2.8903717578961645,,,,0.0
2280220,GUNWATCH: Conflict Survival,2023-01-27,2023.0,1.9274469541409995,1-3y,action;casual;indie,action,"single-player, online pvp, online co-op, profile features limited",Game Development Alexander Lamers,Game Development Alexander Lamers,,,0.0,0.0,True,False,0,False,0,All Ages,True,False,False,False,1,False,Mixed,43.0,16.0,2.833213344056216,,,,0.0
1798670,Horoscopicus,2022-10-20,2022.0,2.198494182067077,1-3y,action;adventure;indie,action,"single-player, steam achievements, steam cloud, remote play on tv, family sharing, profile features limited",AlexSantosWorks,AlexSantosWorks,,,300.0,300.0,False,False,1,True,0,All Ages,True,False,False,False,0,False,Positive,100.0,11.0,2.4849066497880004,,,,0.0
2095570,ChatFight!,2022-10-04,2022.0,2.242299794661191,1-3y,action;casual;free to play;indie;simulation;early access,action,"single-player, profile features limited",Kelvin Newton,Kelvin Newton,,,0.0,0.0,True,False,0,False,0,All Ages,True,False,False,False,0,True,Mixed,66.0,12.0,2.5649493574615367,,,,0.0
2120680,Bogey Brian,2022-09-29,2022.0,2.2559890485968515,1-3y,action;free to play;early access,action,"single-player, profile features limited",Calthies,Calthies,,,0.0,0.0,True,False,0,False,0,All Ages,True,False,False,False,0,True,Positive,100.0,11.0,2.4849066497880004,,,,0.0
1273400,Construction Simulator,2022-09-20,2022.0,2.2806297056810405,1-3y,casual;simulation,casual,"single-player, online co-op, steam achievements, steam cloud, family sharing",weltenbauer. Software Entwicklung GmbH,astragon Entertainment,,,1500.0,1500.0,False,False,16,True,0,All Ages,True,False,False,False,0,False,Very Positive,81.0,6563.0,8.789355452209982,Very Positive,83.0,125.0,4.836281906951478
1970210,Connected Hearts: Fortune Play Collector's Edition,2022-09-05,2022.0,2.321697467488022,1-3y,adventure;casual,adventure,"single-player, family sharing, profile features limited",Do Games Limited,Do Games Limited,,,345.0,345.0,False,False,0,False,0,All Ages,True,False,False,False,0,False,,,,0.0,,,,0.0
1986800,Insurrection: Cyborgs Awakening,2022-07-27,2022.0,2.431211498973306,1-3y,action;indie;early access,action,"single-player, shared/split screen co-op, remote play together, profile features limited",Chonky Wave Games,ESAT,,,0.0,0.0,True,False,0,False,0,All Ages,True,False,False,False,0,True,Mixed,63.0,11.0,2.4849066497880004,,,,0.0
1954020,Cupid Kiss,2022-07-22,2022.0,2.4449007529089664,1-3y,casual;indie,casual,"single-player, steam achievements, steam cloud, family sharing, profile features limited",Supernova Games,Supernova Games,,,125.0,125.0,False,False,0,False,0,All Ages,True,True,False,True,0,False,Positive,100.0,21.0,3.091042453358316,,,,0.0
597060,Numina,2022-06-30,2022.0,2.5051334702258727,1-3y,indie;rpg,indie,"single-player, steam achievements, steam trading cards, family sharing",starlit studio,starlit studio,,,489.0,489.0,False,False,3,True,0,All Ages,True,True,True,True,1,False,Positive,92.0,40.0,3.713572066704308,,,,0.0
1454160,One More Island,2022-05-16,2022.0,2.628336755646817,1-3y,simulation,simulation,"single-player, steam achievements, family sharing",Berg Games,Freedom Games,880.0,60.0,352.0,352.0,False,True,0,False,0,All Ages,True,False,False,False,0,False,Mostly Positive,73.0,155.0,5.049856007249537,,,,0.0
1656780,Hero's Hour,2022-03-01,2022.0,2.836413415468857,1-3y,rpg;strategy,rpg,"single-player, shared/split screen pvp, shared/split screen co-op, steam achievements, steam workshop, steam cloud, stats, includes level editor, remote play together, family sharing","Benjamin ""ThingOnItsOwn"" Hauer",Goblinz Publishing,,,499.0,499.0,False,False,2,True,0,All Ages,True,False,False,False,0,False,Mostly Positive,79.0,3849.0,8.25582842728183,Very Positive,87.0,32.0,3.49650756146648
1245620,ELDEN RING,2022-02-24,2022.0,2.8501026694045173,1-3y,action;rpg,action,"single-player, online pvp, online co-op, steam achievements, steam trading cards, steam cloud, family sharing",FromSoftware Inc.,FromSoftware Inc.,,,3599.0,3599.0,False,False,2,True,1,7+,True,False,False,False,6,False,Very Positive,93.0,605191.0,13.313301042038317,Very Positive,94.0,7837.0,8.966738978759576
1684100,Halluci-Sabbat of Koishi,2022-01-07,2022.0,2.9815195071868583,1-3y,action;adventure;indie;rpg;early access,action,"single-player, steam achievements, steam cloud, family sharing",地霊研究院,地霊研究院,,,269.0,269.0,False,False,2,True,0,All Ages,True,False,False,False,0,True,Very Positive,96.0,249.0,5.521460917862246,,,,0.0
1131920,LABYRINTH OF TOUHOU - GENSOKYO AND THE HEAVEN-PIERCING TREE,2021-08-23,2021.0,3.356605065023956,3-5y,adventure;indie;rpg,adventure,"single-player, steam achievements, steam cloud, remote play on phone, remote play on tablet, remote play on tv, family sharing",Nise-Eikoku Studio,CUBETYPE,,,699.0,699.0,False,False,0,False,0,All Ages,True,False,False,False,0,False,Very Positive,91.0,292.0,5.680172609017068,,,,0.0
1711840,Ninja Stealth 4,2021-08-16,2021.0,3.375770020533881,3-5y,casual;indie;strategy,casual,"single-player, steam achievements, steam cloud, family sharing",SC Jogos,SC Jogos,,,52.0,52.0,False,False,0,False,0,All Ages,True,False,False,False,0,False,Mostly Positive,79.0,84.0,4.442651256490317,,,,0.0
1459960,Glitchpunk,2021-08-11,2021.0,3.3894592744695413,3-5y,action;indie;early access,action,"single-player, steam achievements, steam trading cards, family sharing",Dark Lord,Daedalic Entertainment,,,529.0,529.0,False,False,2,True,0,All Ages,True,False,False,False,0,True,Mixed,52.0,132.0,4.890349128221754,,,,0.0
520950,DRIFT CE,2021-06-10,2021.0,3.559206023271732,3-5y,action;racing;simulation;sports,action,"single-player, online pvp, steam achievements, steam cloud, family sharing",ECC GAMES,505 Games,,,1980.0,1980.0,False,False,3,True,0,All Ages,True,False,False,False,0,False,Mostly Positive,75.0,1744.0,7.464509834636527,Mixed,46.0,13.0,2.639057329615259
1131080,Deadswitch 3,2021-05-07,2021.0,3.652292950034223,3-5y,action;casual;indie;strategy;free to play,action,"single-player, online pvp, online co-op, cross-platform multiplayer, steam achievements, steam workshop, in-app purchases, steam cloud, stats, steam leaderboards, includes level editor",Wilkin Games,Wilkin Games,,,0.0,0.0,True,False,5,True,0,All Ages,True,False,False,False,0,False,Mostly Positive,74.0,2259.0,7.723120092266331,Mixed,67.0,40.0,3.713572066704308
885970,Total War: ROME REMASTERED,2021-04-29,2021.0,3.67419575633128,3-5y,strategy,strategy,"single-player, cross-platform multiplayer, steam achievements, steam workshop, steam cloud, family sharing",Creative Assembly,SEGA,,,1699.0,1699.0,False,False,1,True,1,7+,True,True,True,True,0,False,Mostly Positive,75.0,9789.0,9.189116735524555,Very Positive,80.0,135.0,4.912654885736052
1259240,//TODO: today,2021-04-10,2021.0,3.7262149212867897,3-5y,adventure;casual;free to play;indie,adventure,"single-player, steam achievements, profile features limited",Boys Laugh +,Boys Laugh +,,,0.0,0.0,True,False,2,True,0,All Ages,True,True,True,True,0,False,Very Positive,93.0,401.0,5.996452088619021,,,,0.0
1521870,Riddle of the Sphinx™ The Awakening (Enhanced Edition),2021-02-01,2021.0,3.912388774811773,3-5y,adventure,adventure,"single-player, steam achievements, captions available, stats, family sharing",Old World Studios™,Old World Studios™,,,529.0,529.0,False,False,4,True,0,All Ages,True,True,False,True,0,False,Very Positive,84.0,77.0,4.356708826689592,,,,0.0
1091500,Cyberpunk 2077,2020-12-09,2020.0,4.060232717316906,3-5y,rpg,rpg,"single-player, steam achievements, steam trading cards, steam cloud, family sharing",CD PROJEKT RED,CD PROJEKT RED,2999.0,50.0,1499.0,1499.0,False,True,3,True,1,7+,True,False,False,False,4,False,Very Positive,83.0,654304.0,13.39132888258318,Very Positive,94.0,7771.0,8.95828281049733
1460750,SUPER DRINK BROS.,2020-11-12,2020.0,4.134154688569473,3-5y,action;early access,action,"single-player, online pvp",nekogameteacher,nekogameteacher,,,0.0,0.0,True,False,5,True,0,All Ages,True,False,False,False,0,True,Very Positive,82.0,243.0,5.497168225293202,,,,0.0
1172470,Apex Legends™,2020-11-04,2020.0,4.15605749486653,3-5y,action;adventure;free to play,action,"online pvp, online co-op, steam achievements, steam trading cards, in-app purchases",Respawn,Electronic Arts,,,0.0,0.0,True,False,0,False,1,7+,True,False,False,False,2,False,Mostly Positive,77.0,828477.0,13.627345561482914,Mixed,60.0,11524.0,9.352273867864849
1205260,Defeated Girl,2020-10-01,2020.0,4.249144421629021,3-5y,adventure;casual;rpg;simulation;strategy,adventure,"single-player, steam achievements, family sharing",LSP Game,LSP Game,,,105.0,105.0,False,False,0,False,0,All Ages,True,False,False,False,0,False,Very Positive,83.0,365.0,5.902633333401366,,,,0.0
1286480,Fantasy General II: Prologue,2020-07-02,2020.0,4.498288843258043,3-5y,free to play;strategy,free to play,"single-player, steam achievements",Owned by Gravity,Slitherine Ltd.,,,0.0,0.0,True,False,0,False,0,All Ages,True,False,False,False,0,False,Mostly Positive,70.0,92.0,4.532599493153256,,,,0.0
1294230,Interrogation Files: Port Landsend,2020-06-18,2020.0,4.536618754277892,3-5y,adventure;casual;indie,adventure,"single-player, steam achievements, family sharing",Visual Interactive,Visual Interactive,,,259.0,259.0,False,False,0,False,0,All Ages,True,False,False,False,0,False,Very Positive,86.0,75.0,4.330733340286331,,,,0.0
1275890,Baldi's Basics Plus,2020-06-11,2020.0,4.555783709787817,3-5y,action;indie;strategy;early access,action,"single-player, captions available, family sharing",Basically Games,"Basically Games, LLC",,,349.0,349.0,False,False,0,False,0,All Ages,True,True,True,True,0,True,Overwhelmingly Positive,97.0,4271.0,8.35983738064003,Overwhelmingly Positive,98.0,461.0,6.135564891081739
1273720,SBX 5K,2020-04-20,2020.0,4.698151950718686,3-5y,action;free to play;indie;strategy,action,"online pvp, steam achievements, steam leaderboards, profile features limited",Shadowmatic Labs,Shadowmatic Labs,,,0.0,0.0,True,False,0,False,0,All Ages,True,False,False,False,0,False,Mixed,66.0,18.0,2.9444389791664403,,,,0.0
1085660,Destiny 2,2019-10-01,2019.0,5.25119780971937,5-10y,action;adventure;free to play,action,"single-player, online pvp, online co-op, steam achievements, in-app purchases",Bungie,Bungie ,,,0.0,0.0,True,False,14,True,1,7+,True,False,False,False,0,False,Very Positive,80.0,594713.0,13.295835896698913,Mostly Positive,73.0,4845.0,8.48590890137647
1114000,King of Dragon Balls,2019-07-23,2019.0,5.4428473648186175,5-10y,adventure,adventure,"single-player, steam achievements, family sharing, profile features limited",Phoenixxx Games,KuKo,52.0,50.0,26.0,26.0,False,True,0,False,0,All Ages,True,False,False,False,0,False,Mostly Positive,70.0,31.0,3.4657359027997265,,,,0.0
1118200,People Playground,2019-07-23,2019.0,5.4428473648186175,5-10y,action;casual;indie;simulation,action,"single-player, steam achievements, steam trading cards, steam workshop, steam cloud, family sharing",mestiez,Studio Minus,,,349.0,349.0,False,False,0,False,0,All Ages,True,False,False,False,0,False,Overwhelmingly Positive,98.0,229289.0,12.34274285690504,Overwhelmingly Positive,97.0,3776.0,8.236685322712457
986340,Raid on the Ruhr,2019-03-28,2019.0,5.763175906913073,5-10y,action,action,"single-player, steam achievements, tracked controller support, vr supported, steam leaderboards, family sharing",Immersive VR Education Ltd,Immersive VR Education Ltd,,,219.0,219.0,False,False,0,False,0,All Ages,True,False,False,False,0,False,Mixed,60.0,10.0,2.3978952727983707,,,,0.0
1013950,AntiPodal,2019-03-22,2019.0,5.779603011635865,5-10y,action,action,"single-player, profile features limited",Lily Dehaudt,lilGames,,,0.0,0.0,True,False,0,False,0,All Ages,True,True,False,True,0,False,Positive,85.0,27.0,3.332204510175204,,,,0.0
968440,Artist Idle,2019-01-18,2019.0,5.952087611225188,5-10y,indie;free to play,indie,"single-player, steam achievements, in-app purchases, steam cloud, profile features limited",YDKR,YDKR,,,0.0,0.0,True,False,3,True,0,All Ages,True,False,False,False,0,False,Mixed,66.0,465.0,6.144185634125646,,,,0.0
760060,Mutant Year Zero: Road to Eden,2018-12-04,2018.0,6.075290896646133,5-10y,rpg;strategy,rpg,"single-player, steam achievements, steam trading cards, steam cloud, remote play on tablet, remote play on tv, family sharing",The Bearded Ladies,Funcom,,,1460.0,1460.0,False,False,2,True,0,All Ages,True,False,False,False,9,False,Very Positive,90.0,12342.0,9.42084437974393,Very Positive,93.0,33.0,3.5263605246161616
945360,Among Us,2018-11-16,2018.0,6.12457221081451,5-10y,casual,casual,"online pvp, lan pvp, online co-op, lan co-op, cross-platform multiplayer, remote play on phone, remote play on tablet, family sharing",Innersloth,Innersloth,,,229.0,229.0,False,False,0,False,0,All Ages,True,False,False,False,5,False,Very Positive,92.0,600673.0,13.305807637064833,Very Positive,88.0,1986.0,7.594381242551817
926520,Love Letter,2018-10-24,2018.0,6.187542778918549,5-10y,strategy,strategy,"single-player, online pvp, family sharing",Nomad Games,Twin Sails Interactive,,,345.0,345.0,False,False,0,False,0,All Ages,True,True,False,True,0,False,Very Positive,90.0,202.0,5.313205979041787,,,,0.0
862740,OneShift,2018-08-10,2018.0,6.392881587953457,5-10y,action;adventure;casual;indie,action,"single-player, steam achievements, steam cloud, family sharing",Mazen Games,GrabTheGames,,,250.0,250.0,False,False,0,False,0,All Ages,True,False,False,False,0,False,Positive,80.0,42.0,3.7612001156935615,,,,0.0
848500,Sniper Strike: Special Ops,2018-07-27,2018.0,6.431211498973306,5-10y,action,action,"single-player, online pvp, in-app purchases",Eight Pixels Square,Eight Pixels Square,,,0.0,0.0,True,False,0,False,0,All Ages,True,False,False,False,0,False,Mixed,59.0,335.0,5.817111159963204,,,,0.0
897800,Arcane Golf,2018-07-26,2018.0,6.433949349760438,5-10y,casual;indie;sports,casual,"single-player, steam achievements, steam cloud, family sharing, profile features limited",FromLefcourt,FromLefcourt,,,155.0,155.0,False,False,0,False,0,All Ages,True,False,False,False,0,False,Positive,100.0,44.0,3.80666248977032,,,,0.0
874010,aMAZE Classic: Inverted,2018-06-18,2018.0,6.537987679671458,5-10y,adventure;casual;indie;simulation;strategy,adventure,"single-player, steam achievements, steam cloud, family sharing, profile features limited",Blender Games,Blender Games,,,105.0,105.0,False,False,0,False,0,All Ages,True,False,False,False,0,False,Positive,85.0,42.0,3.7612001156935615,,,,0.0
618200,Skylands,2018-04-23,2018.0,6.691307323750856,5-10y,action;adventure;casual;indie,action,"single-player, steam trading cards, family sharing",Skylands,Skylands,,,52.0,52.0,False,False,0,False,0,All Ages,True,False,False,False,0,False,Mostly Negative,23.0,13.0,2.639057329615259,,,,0.0
252490,Rust,2018-02-08,2018.0,6.893908281998631,5-10y,action;adventure;indie;massively multiplayer;rpg,action,"mmo, online pvp, online co-op, cross-platform multiplayer, steam achievements, steam trading cards, steam workshop, in-app purchases, valve anti-cheat enabled, stats, remote play on tablet",Facepunch Studios,Facepunch Studios,,,1799.0,1799.0,False,False,4,True,0,All Ages,True,True,False,True,0,False,Very Positive,87.0,872960.0,13.679646160284328,Very Positive,86.0,9218.0,9.129021850798594
621930,Attack of the Earthlings,2018-02-08,2018.0,6.893908281998631,5-10y,indie;strategy,indie,"single-player, steam achievements, remote play on tv, family sharing",Team Junkfish,Junkfish Limited,,,399.0,399.0,False,False,1,True,0,All Ages,True,True,True,True,0,False,Very Positive,86.0,277.0,5.627621113690637,,,,0.0
578080,PUBG: BATTLEGROUNDS,2017-12-21,2017.0,7.028062970568104,5-10y,action;adventure;massively multiplayer;free to play,action,"online pvp, stats, remote play on phone, remote play on tablet","KRAFTON, Inc.","KRAFTON, Inc.",,,0.0,0.0,True,False,0,False,0,All Ages,True,False,False,False,1,False,Mixed,58.0,2361734.0,14.6749070763886,Mixed,68.0,19214.0,9.863446502998944
636570,Nights of Azure 2: Bride of the New Moon,2017-10-24,2017.0,7.186858316221766,5-10y,rpg,rpg,"single-player, steam achievements, family sharing","KOEI TECMO GAMES CO., LTD.","KOEI TECMO GAMES CO., LTD.",,,1179.0,1179.0,False,False,2,True,1,7+,True,False,False,False,0,False,Mostly Positive,75.0,274.0,5.616771097666572,,,,0.0
731320,Speebot,2017-10-13,2017.0,7.216974674880219,5-10y,adventure;casual;indie,adventure,"single-player, steam achievements, steam cloud, includes level editor, family sharing",KEYREAL,KEYREAL,449.0,63.0,165.0,165.0,False,True,0,False,0,All Ages,True,False,False,False,0,False,Mostly Positive,77.0,22.0,3.1354942159291497,,,,0.0
614250,Carrier,2017-08-31,2017.0,7.3347022587268995,5-10y,casual;free to play,casual,single-player,Cuirass Entertainment Ltd.,Cuirass Entertainment Ltd.,,,0.0,0.0,True,False,0,False,0,All Ages,True,False,False,False,0,False,Positive,82.0,40.0,3.713572066704308,,,,0.0
601640,The guard of dungeon,2017-03-07,2017.0,7.819301848049282,5-10y,action;indie,action,"single-player, steam achievements, steam trading cards, family sharing",HeX,Laush Studio,730.0,30.0,511.0,511.0,False,True,1,True,0,All Ages,True,False,False,False,0,False,Mixed,57.0,47.0,3.8712010109078903,,,,0.0
389260,Lucid Trips,2017-01-12,2017.0,7.967145790554415,5-10y,adventure;indie;early access,adventure,"single-player, tracked controller support, vr only, family sharing","Nico Uthe, Sara Lisa Vogl, Julian Heinken",Sara Lisa Vogl,,,52.0,52.0,False,False,0,False,0,All Ages,True,False,False,False,2,True,Very Positive,82.0,73.0,4.304065093204169,,,,0.0
463400,Spellbound,2016-09-05,2016.0,8.320328542094456,5-10y,action;adventure;indie;rpg;early access,action,"single-player, tracked controller support, vr only, family sharing",Wobbly Duck Studios,Wobbly Duck Studios,,,565.0,565.0,False,False,0,False,0,All Ages,True,False,False,False,0,True,Mostly Positive,76.0,21.0,3.091042453358316,,,,0.0
222500,Rail Adventures - VR Tech Demo,2016-08-25,2016.0,8.350444900752908,5-10y,action;free to play;indie;racing,action,"single-player, tracked controller support, vr supported",exosyphen studios,exosyphen studios,,,0.0,0.0,True,False,0,False,0,All Ages,True,False,False,False,0,False,Mixed,50.0,40.0,3.713572066704308,,,,0.0
468530,A Date in the Park,2016-07-19,2016.0,8.451745379876797,5-10y,adventure,adventure,"single-player, steam achievements",Cloak and Dagger Games,Cloak and Dagger Games,,,0.0,0.0,True,False,1,True,0,All Ages,True,False,False,False,0,False,Very Positive,87.0,1723.0,7.452402451223638,Very Positive,86.0,15.0,2.772588722239781
449940,! That Bastard Is Trying To Steal Our Gold !,2016-03-03,2016.0,8.829568788501026,5-10y,action;adventure;casual;indie,action,"single-player, steam trading cards, family sharing",WTFOMGames,WTFOMGames,,,155.0,155.0,False,False,0,False,0,All Ages,True,False,True,True,0,False,Mixed,57.0,64.0,4.174387269895637,,,,0.0
413150,Stardew Valley,2016-02-26,2016.0,8.845995893223819,5-10y,indie;rpg;simulation,indie,"single-player, online co-op, lan co-op, shared/split screen co-op, steam achievements, steam trading cards, steam cloud, remote play on phone, remote play on tablet, remote play together, family sharing",ConcernedApe,ConcernedApe,,,479.0,479.0,False,False,1,True,1,7+,True,True,True,True,1,False,Overwhelmingly Positive,98.0,601034.0,13.306408448094558,Overwhelmingly Positive,98.0,15636.0,9.65739517984351
429940,The Sad Story of Emmeline Burns,2016-01-05,2016.0,8.988364134154688,5-10y,adventure;casual;indie,adventure,"single-player, steam achievements",ebi-hime,ebi-hime,,,0.0,0.0,True,False,0,False,0,All Ages,True,False,True,True,0,False,Very Positive,90.0,804.0,6.690842277418564,,,,0.0
359550,Tom Clancy's Rainbow Six® Siege,2015-12-01,2015.0,9.084188911704311,5-10y,action,action,"single-player, online pvp, online co-op, steam trading cards, in-app purchases, remote play on phone, remote play on tablet",Ubisoft Montreal,Ubisoft,,,999.0,999.0,False,False,9,True,0,All Ages,True,False,False,False,1,False,Very Positive,85.0,1090287.0,13.901952439488808,Mostly Positive,78.0,11181.0,9.32206062158659
386990,Asphyxia,2015-08-04,2015.0,9.409993155373032,5-10y,indie;simulation,indie,"single-player, steam achievements, steam trading cards, family sharing",ebi-hime,ebi-hime,,,299.0,299.0,False,False,0,False,0,All Ages,True,False,True,True,0,False,Very Positive,85.0,113.0,4.736198448394496,,,,0.0
292030,The Witcher® 3: Wild Hunt,2015-05-18,2015.0,9.623545516769337,5-10y,rpg,rpg,"single-player, steam achievements, steam trading cards, steam workshop, steam cloud, remote play on tablet, remote play on tv, family sharing",CD PROJEKT RED,CD PROJEKT RED,1699.0,75.0,425.0,425.0,False,True,22,True,1,7+,True,False,False,False,2,False,Overwhelmingly Positive,96.0,706971.0,13.468746340134055,Overwhelmingly Positive,95.0,3950.0,8.281723990411392
331460,ROOMS: The Toymaker's Mansion,2015-05-01,2015.0,9.67008898015058,5-10y,adventure;casual;indie,adventure,"single-player, steam achievements, tracked controller support, vr supported, steam trading cards, steam cloud, family sharing",HandMade Game,HandMade Game,,,400.0,400.0,False,False,1,True,0,All Ages,True,True,True,True,1,False,Very Positive,89.0,91.0,4.5217885770490405,,,,0.0
271590,Grand Theft Auto V,2015-04-13,2015.0,9.71937029431896,5-10y,action;adventure,action,"single-player, online pvp, online co-op, steam achievements, remote play on phone, remote play on tablet, remote play on tv",Rockstar North,Rockstar Games,2638.0,64.0,952.0,952.0,False,True,1,True,1,7+,True,False,False,False,2,False,Very Positive,87.0,1640234.0,14.310350082217893,Very Positive,91.0,15926.0,9.675771061251782
302330,Tex Murphy: Mean Streets,2014-06-12,2014.0,10.55441478439425,10y+,action;adventure,action,"single-player, family sharing",Access Software,Nightdive Studios,,,299.0,299.0,False,False,0,False,0,All Ages,True,True,True,True,0,False,Mostly Positive,73.0,49.0,3.912023005428146,,,,0.0
296220,Farm Frenzy 4,2014-04-29,2014.0,10.674880219028063,10y+,adventure;casual;strategy,adventure,"single-player, steam achievements, steam trading cards, captions available, steam cloud, family sharing",Alawar Entertainment,ESDigital Games,,,345.0,345.0,False,False,0,False,0,All Ages,True,True,False,True,0,False,Mostly Positive,79.0,355.0,5.87493073085203,,,,0.0
570,Dota 2,2013-07-09,2013.0,11.4798083504449,10y+,action;strategy;free to play,action,"steam trading cards, steam workshop, steamvr collectibles, in-app purchases, valve anti-cheat enabled",Valve,Valve,,,0.0,0.0,True,False,2,True,0,All Ages,True,True,True,True,0,False,Very Positive,81.0,2243112.0,14.623375191190124,Mostly Positive,72.0,23395.0,10.060320346562916
230410,Warframe,2013-03-25,2013.0,11.770020533880905,10y+,action;rpg;free to play,action,"single-player, online co-op, steam achievements, steam trading cards, steam workshop, in-app purchases, remote play on phone, remote play on tablet",Digital Extremes,Digital Extremes,,,0.0,0.0,True,False,11,True,1,7+,True,False,False,False,6,False,Very Positive,87.0,576232.0,13.264267371773231,Very Positive,87.0,4216.0,8.34687925374656
227300,Euro Truck Simulator 2,2012-10-12,2012.0,12.219028062970567,10y+,indie;simulation,indie,"single-player, online co-op, steam achievements, steam trading cards, steam workshop, steam cloud, includes level editor, remote play on phone, remote play on tablet, remote play together, family sharing",SCS Software,SCS Software,920.0,75.0,230.0,230.0,False,True,89,True,0,All Ages,True,True,True,True,3,False,Overwhelmingly Positive,97.0,565138.0,13.244826997570302,Overwhelmingly Positive,95.0,6869.0,8.834919385216395
730,Counter-Strike 2,2012-08-21,2012.0,12.361396303901437,10y+,action;free to play,action,"cross-platform multiplayer, steam trading cards, steam workshop, in-app purchases, valve anti-cheat enabled, stats, remote play on phone, remote play on tablet, remote play on tv",Valve,Valve,,,0.0,0.0,True,False,1,True,0,All Ages,True,False,True,True,1,False,Very Positive,87.0,8062218.0,15.902699386765615,Mostly Positive,79.0,57466.0,10.958966148990834
105600,Terraria,2011-05-16,2011.0,13.6290212183436,10y+,action;adventure;indie;rpg,action,"single-player, online pvp, online co-op, steam achievements, steam trading cards, steam cloud, remote play on phone, remote play on tablet, remote play on tv, family sharing",Re-Logic,Re-Logic,,,480.0,480.0,False,False,2,True,0,All Ages,True,True,True,True,1,False,Overwhelmingly Positive,97.0,1024921.0,13.840127070098104,Overwhelmingly Positive,96.0,8953.0,9.09985563880091
550,Left 4 Dead 2,2009-11-16,2009.0,15.123887748117728,10y+,action,action,"single-player, online pvp, online co-op, steam achievements, steam trading cards, captions available, steam workshop, steam cloud, valve anti-cheat enabled, stats, includes source sdk, commentary available, remote play on phone, remote play on tablet, remote play on tv, remote play together, family sharing",Valve,Valve,,,480.0,480.0,False,False,0,False,0,All Ages,True,True,True,True,0,False,Overwhelmingly Positive,97.0,642763.0,13.373532906298935,Overwhelmingly Positive,96.0,5789.0,8.663887570567042
40320,Rush for Berlin Gold,2009-10-29,2009.0,15.173169062286105,10y+,strategy,strategy,"single-player, family sharing",Stormregion,THQ Nordic,,,259.0,259.0,False,False,0,False,0,All Ages,True,False,False,False,0,False,Very Positive,86.0,142.0,4.962844630259907,,,,0.0
440,Team Fortress 2,2007-10-10,2007.0,17.22655715263518,10y+,action;free to play,action,"cross-platform multiplayer, steam achievements, steam trading cards, captions available, steam workshop, in-app purchases, valve anti-cheat enabled, stats, includes level editor, commentary available, remote play on phone, remote play on tablet",Valve,Valve,,,0.0,0.0,True,False,1,True,0,All Ages,True,True,True,True,0,False,Very Positive,93.0,1045851.0,13.86034242220036,Very Positive,89.0,6304.0,8.74909824839902
4000,Garry's Mod,2006-11-29,2006.0,18.088980150581797,10y+,casual;indie;simulation,casual,"single-player, online pvp, lan pvp, online co-op, lan co-op, cross-platform multiplayer, steam achievements, steam trading cards, captions available, steam workshop, steam cloud, valve anti-cheat enabled, includes level editor, includes source sdk, remote play on tablet, family sharing",Facepunch Studios,Valve,,,399.0,399.0,False,False,0,False,0,All Ages,True,True,True,True,0,False,Overwhelmingly Positive,96.0,917455.0,13.729359901357649,Overwhelmingly Positive,95.0,7092.0,8.866863661202087
